year,dtp1_coverage,dtp3_coverage,zero_dose_percent,country
2015,0.9281025641025634,0.8820512820512822,0.07189743589743577,Global
2016,0.9277435897435894,0.8841025641025638,0.07225641025641012,Global
2017,0.926717948717948,0.8809230769230768,0.07328205128205117,Global
2018,0.9273333333333332,0.8836923076923073,0.07266666666666656,Global
2019,0.9277435897435898,0.8862051282051281,0.0722564102564101,Global
2020,0.9104102564102563,0.8617948717948711,0.08958974358974359,Global
2021,0.900153846153846,0.8510256410256412,0.0998461538461538,Global
2022,0.9090769230769227,0.8569230769230766,0.09092307692307687,Global
2023,0.9094871794871788,0.8588205128205126,0.09051282051282047,Global
2023,0.67,0.6,0.33,Afghanistan
2022,0.67,0.58,0.33,Afghanistan
2021,0.64,0.55,0.36,Afghanistan
2020,0.7,0.61,0.3,Afghanistan
2019,0.69,0.65,0.31,Afghanistan
2018,0.77,0.67,0.23,Afghanistan
2017,0.73,0.63,0.27,Afghanistan
2016,0.73,0.65,0.27,Afghanistan
2015,0.73,0.64,0.27,Afghanistan
2023,0.98,0.97,0.02,Albania
2022,0.98,0.97,0.02,Albania
2021,0.98,0.98,0.02,Albania
2020,0.99,0.98,0.01,Albania
2019,0.99,0.99,0.01,Albania
2018,0.99,0.99,0.01,Albania
2017,0.99,0.99,0.01,Albania
2016,0.99,0.98,0.01,Albania
2015,0.99,0.99,0.01,Albania
2023,0.98,0.92,0.02,Algeria
2022,0.91,0.77,0.09,Algeria
2021,0.92,0.81,0.08,Algeria
2020,0.94,0.84,0.06,Algeria
2019,0.95,0.88,0.05,Algeria
2018,0.96,0.91,0.04,Algeria
2017,0.95,0.91,0.05,Algeria
2016,0.96,0.91,0.04,Algeria
2015,0.99,0.95,0.01,Algeria
2023,0.99,0.98,0.01,Andorra
2022,0.99,0.98,0.01,Andorra
2021,0.99,0.99,0.01,Andorra
2020,0.99,0.99,0.01,Andorra
2019,0.99,0.99,0.01,Andorra
2018,0.99,0.99,0.01,Andorra
2017,0.99,0.99,0.01,Andorra
2016,0.99,0.98,0.01,Andorra
2015,0.99,0.97,0.01,Andorra
2023,0.69,0.54,0.31,Angola
2022,0.53,0.42,0.47,Angola
2021,0.57,0.45,0.43,Angola
2020,0.61,0.51,0.39,Angola
2019,0.67,0.57,0.33,Angola
2018,0.74,0.63,0.26,Angola
2017,0.68,0.56,0.32,Angola
2016,0.74,0.59,0.26,Angola
2015,0.72,0.59,0.28,Angola
2023,0.99,0.97,0.01,Antigua and Barbuda
2022,0.99,0.99,0.01,Antigua and Barbuda
2021,0.93,0.92,0.07,Antigua and Barbuda
2020,0.98,0.96,0.02,Antigua and Barbuda
2019,0.98,0.95,0.02,Antigua and Barbuda
2018,0.99,0.95,0.01,Antigua and Barbuda
2017,0.96,0.95,0.04,Antigua and Barbuda
2016,0.97,0.92,0.03,Antigua and Barbuda
2015,0.99,0.99,0.01,Antigua and Barbuda
2023,0.77,0.66,0.23,Argentina
2022,0.9,0.84,0.1,Argentina
2021,0.88,0.81,0.12,Argentina
2020,0.79,0.74,0.21,Argentina
2019,0.87,0.83,0.13,Argentina
2018,0.91,0.86,0.09,Argentina
2017,0.91,0.86,0.09,Argentina
2016,0.93,0.92,0.07,Argentina
2015,0.94,0.94,0.06,Argentina
2023,0.96,0.94,0.04,Armenia
2022,0.96,0.93,0.04,Armenia
2021,0.96,0.93,0.04,Armenia
2020,0.96,0.91,0.04,Armenia
2019,0.96,0.92,0.04,Armenia
2018,0.96,0.92,0.04,Armenia
2017,0.97,0.94,0.03,Armenia
2016,0.97,0.94,0.03,Armenia
2015,0.97,0.94,0.03,Armenia
2023,0.98,0.94,0.02,Australia
2022,0.98,0.94,0.02,Australia
2021,0.98,0.95,0.02,Australia
2020,0.98,0.95,0.02,Australia
2019,0.98,0.95,0.02,Australia
2018,0.98,0.95,0.02,Australia
2017,0.98,0.95,0.02,Australia
2016,0.98,0.94,0.02,Australia
2015,0.97,0.93,0.03,Australia
2023,0.91,0.84,0.09,Austria
2022,0.91,0.84,0.09,Austria
2021,0.96,0.86,0.04,Austria
2020,0.95,0.85,0.05,Austria
2019,0.93,0.85,0.07,Austria
2018,0.9,0.85,0.1,Austria
2017,0.94,0.9,0.06,Austria
2016,0.95,0.87,0.05,Austria
2015,0.97,0.93,0.03,Austria
2023,0.92,0.83,0.08,Azerbaijan
2022,0.9,0.83,0.1,Azerbaijan
2021,0.92,0.89,0.08,Azerbaijan
2020,0.85,0.79,0.15,Azerbaijan
2019,0.96,0.94,0.04,Azerbaijan
2018,0.96,0.95,0.04,Azerbaijan
2017,0.97,0.95,0.03,Azerbaijan
2016,0.98,0.97,0.02,Azerbaijan
2015,0.97,0.96,0.03,Azerbaijan
2023,0.99,0.87,0.01,Bahamas
2022,0.98,0.87,0.02,Bahamas
2021,0.91,0.86,0.09,Bahamas
2020,0.97,0.83,0.03,Bahamas
2019,0.91,0.89,0.09,Bahamas
2018,0.94,0.9,0.06,Bahamas
2017,0.98,0.94,0.02,Bahamas
2016,0.95,0.94,0.05,Bahamas
2015,0.99,0.95,0.01,Bahamas
2023,0.99,0.99,0.01,Bahrain
2022,0.97,0.97,0.03,Bahrain
2021,0.99,0.98,0.01,Bahrain
2020,0.99,0.98,0.01,Bahrain
2019,0.99,0.99,0.01,Bahrain
2018,0.99,0.99,0.01,Bahrain
2017,0.98,0.97,0.02,Bahrain
2016,0.99,0.99,0.01,Bahrain
2015,0.98,0.98,0.02,Bahrain
2023,0.99,0.98,0.01,Bangladesh
2022,0.99,0.98,0.01,Bangladesh
2021,0.99,0.98,0.01,Bangladesh
2020,0.99,0.98,0.01,Bangladesh
2019,0.99,0.98,0.01,Bangladesh
2018,0.99,0.98,0.01,Bangladesh
2017,0.99,0.98,0.01,Bangladesh
2016,0.99,0.98,0.01,Bangladesh
2015,0.99,0.98,0.01,Bangladesh
2023,0.91,0.85,0.09,Barbados
2022,0.87,0.86,0.13,Barbados
2021,0.83,0.82,0.17,Barbados
2020,0.86,0.85,0.14,Barbados
2019,0.92,0.9,0.08,Barbados
2018,0.96,0.95,0.04,Barbados
2017,0.9,0.9,0.1,Barbados
2016,0.99,0.97,0.01,Barbados
2015,0.99,0.97,0.01,Barbados
2023,0.98,0.98,0.02,Belarus
2022,0.98,0.98,0.02,Belarus
2021,0.98,0.98,0.02,Belarus
2020,0.97,0.97,0.03,Belarus
2019,0.98,0.98,0.02,Belarus
2018,0.98,0.97,0.02,Belarus
2017,0.97,0.97,0.03,Belarus
2016,0.99,0.98,0.01,Belarus
2015,0.99,0.99,0.01,Belarus
2023,0.98,0.98,0.02,Belgium
2022,0.98,0.98,0.02,Belgium
2021,0.98,0.98,0.02,Belgium
2020,0.98,0.97,0.02,Belgium
2019,0.98,0.97,0.02,Belgium
2018,0.99,0.98,0.01,Belgium
2017,0.99,0.98,0.01,Belgium
2016,0.99,0.98,0.01,Belgium
2015,0.99,0.99,0.01,Belgium
2023,0.85,0.85,0.15,Belize
2022,0.91,0.84,0.09,Belize
2021,0.83,0.83,0.17,Belize
2020,0.79,0.79,0.21,Belize
2019,0.99,0.98,0.01,Belize
2018,0.97,0.96,0.03,Belize
2017,0.89,0.88,0.11,Belize
2016,0.98,0.95,0.02,Belize
2015,0.97,0.94,0.03,Belize
2023,0.79,0.69,0.21,Benin
2022,0.79,0.69,0.21,Benin
2021,0.8,0.7,0.2,Benin
2020,0.8,0.7,0.2,Benin
2019,0.81,0.72,0.19,Benin
2018,0.82,0.73,0.18,Benin
2017,0.83,0.75,0.17,Benin
2016,0.84,0.76,0.16,Benin
2015,0.82,0.74,0.18,Benin
2023,0.99,0.99,0.01,Bhutan
2022,0.98,0.98,0.02,Bhutan
2021,0.99,0.98,0.01,Bhutan
2020,0.96,0.95,0.04,Bhutan
2019,0.99,0.97,0.01,Bhutan
2018,0.98,0.97,0.02,Bhutan
2017,0.99,0.98,0.01,Bhutan
2016,0.99,0.98,0.01,Bhutan
2015,0.99,0.99,0.01,Bhutan
2023,0.72,0.67,0.28,Bolivia (Plurinational State of)
2022,0.75,0.69,0.25,Bolivia (Plurinational State of)
2021,0.75,0.7,0.25,Bolivia (Plurinational State of)
2020,0.79,0.68,0.21,Bolivia (Plurinational State of)
2019,0.81,0.75,0.19,Bolivia (Plurinational State of)
2018,0.89,0.83,0.11,Bolivia (Plurinational State of)
2017,0.91,0.84,0.09,Bolivia (Plurinational State of)
2016,0.93,0.87,0.07,Bolivia (Plurinational State of)
2015,0.97,0.89,0.03,Bolivia (Plurinational State of)
2023,0.85,0.73,0.15,Bosnia and Herzegovina
2022,0.85,0.75,0.15,Bosnia and Herzegovina
2021,0.85,0.76,0.15,Bosnia and Herzegovina
2020,0.84,0.72,0.16,Bosnia and Herzegovina
2019,0.87,0.73,0.13,Bosnia and Herzegovina
2018,0.89,0.73,0.11,Bosnia and Herzegovina
2017,0.92,0.75,0.08,Bosnia and Herzegovina
2016,0.9,0.78,0.1,Bosnia and Herzegovina
2015,0.89,0.82,0.11,Bosnia and Herzegovina
2023,0.98,0.95,0.02,Botswana
2022,0.98,0.86,0.02,Botswana
2021,0.98,0.95,0.02,Botswana
2020,0.98,0.95,0.02,Botswana
2019,0.98,0.95,0.02,Botswana
2018,0.98,0.95,0.02,Botswana
2017,0.98,0.95,0.02,Botswana
2016,0.98,0.95,0.02,Botswana
2015,0.98,0.95,0.02,Botswana
2023,0.96,0.9,0.04,Brazil
2022,0.84,0.77,0.16,Brazil
2021,0.74,0.68,0.26,Brazil
2020,0.88,0.77,0.12,Brazil
2019,0.79,0.7,0.21,Brazil
2018,0.87,0.87,0.13,Brazil
2017,0.92,0.83,0.08,Brazil
2016,0.95,0.89,0.05,Brazil
2015,0.97,0.96,0.03,Brazil
2023,0.99,0.99,0.01,Brunei Darussalam
2022,0.99,0.99,0.01,Brunei Darussalam
2021,0.99,0.99,0.01,Brunei Darussalam
2020,0.99,0.99,0.01,Brunei Darussalam
2019,0.99,0.99,0.01,Brunei Darussalam
2018,0.99,0.99,0.01,Brunei Darussalam
2017,0.99,0.99,0.01,Brunei Darussalam
2016,0.99,0.99,0.01,Brunei Darussalam
2015,0.99,0.99,0.01,Brunei Darussalam
2023,0.95,0.92,0.05,Bulgaria
2022,0.94,0.91,0.06,Bulgaria
2021,0.92,0.89,0.08,Bulgaria
2020,0.94,0.91,0.06,Bulgaria
2019,0.96,0.93,0.04,Bulgaria
2018,0.94,0.92,0.06,Bulgaria
2017,0.96,0.92,0.04,Bulgaria
2016,0.94,0.92,0.06,Bulgaria
2015,0.93,0.91,0.07,Bulgaria
2023,0.99,0.94,0.01,Burkina Faso
2022,0.97,0.93,0.03,Burkina Faso
2021,0.95,0.91,0.05,Burkina Faso
2020,0.95,0.91,0.05,Burkina Faso
2019,0.95,0.91,0.05,Burkina Faso
2018,0.95,0.91,0.05,Burkina Faso
2017,0.95,0.91,0.05,Burkina Faso
2016,0.95,0.91,0.05,Burkina Faso
2015,0.95,0.91,0.05,Burkina Faso
2023,0.89,0.89,0.11,Burundi
2022,0.93,0.91,0.07,Burundi
2021,0.96,0.94,0.04,Burundi
2020,0.98,0.93,0.02,Burundi
2019,0.97,0.93,0.03,Burundi
2018,0.94,0.9,0.06,Burundi
2017,0.94,0.91,0.06,Burundi
2016,0.97,0.94,0.03,Burundi
2015,0.97,0.94,0.03,Burundi
2023,0.93,0.93,0.07,Cabo Verde
2022,0.93,0.93,0.07,Cabo Verde
2021,0.93,0.93,0.07,Cabo Verde
2020,0.93,0.93,0.07,Cabo Verde
2019,0.96,0.96,0.04,Cabo Verde
2018,0.99,0.98,0.01,Cabo Verde
2017,0.97,0.96,0.03,Cabo Verde
2016,0.96,0.96,0.04,Cabo Verde
2015,0.97,0.93,0.03,Cabo Verde
2023,0.93,0.85,0.07,Cambodia
2022,0.92,0.85,0.08,Cambodia
2021,0.92,0.87,0.08,Cambodia
2020,0.92,0.87,0.08,Cambodia
2019,0.93,0.88,0.07,Cambodia
2018,0.93,0.89,0.07,Cambodia
2017,0.93,0.9,0.07,Cambodia
2016,0.94,0.91,0.06,Cambodia
2015,0.94,0.91,0.06,Cambodia
2023,0.81,0.75,0.19,Cameroon
2022,0.76,0.71,0.24,Cameroon
2021,0.76,0.71,0.24,Cameroon
2020,0.74,0.68,0.26,Cameroon
2019,0.72,0.67,0.28,Cameroon
2018,0.74,0.68,0.26,Cameroon
2017,0.8,0.74,0.2,Cameroon
2016,0.84,0.78,0.16,Cameroon
2015,0.81,0.76,0.19,Cameroon
2023,0.94,0.92,0.06,Canada
2022,0.94,0.92,0.06,Canada
2021,0.94,0.92,0.06,Canada
2020,0.94,0.92,0.06,Canada
2019,0.94,0.91,0.06,Canada
2018,0.94,0.91,0.06,Canada
2017,0.94,0.91,0.06,Canada
2016,0.95,0.91,0.05,Canada
2015,0.95,0.91,0.05,Canada
2023,0.54,0.42,0.46,Central African Republic
2022,0.54,0.42,0.46,Central African Republic
2021,0.54,0.42,0.46,Central African Republic
2020,0.54,0.42,0.46,Central African Republic
2019,0.54,0.42,0.46,Central African Republic
2018,0.54,0.42,0.46,Central African Republic
2017,0.54,0.42,0.46,Central African Republic
2016,0.54,0.42,0.46,Central African Republic
2015,0.57,0.43,0.43,Central African Republic
2023,0.84,0.67,0.16,Chad
2022,0.82,0.6,0.18,Chad
2021,0.79,0.58,0.21,Chad
2020,0.74,0.52,0.26,Chad
2019,0.69,0.5,0.31,Chad
2018,0.63,0.46,0.37,Chad
2017,0.55,0.41,0.45,Chad
2016,0.55,0.41,0.45,Chad
2015,0.59,0.42,0.41,Chad
2023,0.99,0.96,0.01,Chile
2022,0.99,0.96,0.01,Chile
2021,0.99,0.95,0.01,Chile
2020,0.98,0.93,0.02,Chile
2019,0.99,0.96,0.01,Chile
2018,0.99,0.95,0.01,Chile
2017,0.98,0.93,0.02,Chile
2016,0.99,0.95,0.01,Chile
2015,0.97,0.96,0.03,Chile
2023,0.98,0.97,0.02,China
2022,0.99,0.99,0.01,China
2021,0.99,0.99,0.01,China
2020,0.99,0.99,0.01,China
2019,0.99,0.99,0.01,China
2018,0.99,0.99,0.01,China
2017,0.99,0.99,0.01,China
2016,0.99,0.99,0.01,China
2015,0.99,0.99,0.01,China
2023,0.9,0.9,0.1,Colombia
2022,0.91,0.87,0.09,Colombia
2021,0.9,0.86,0.1,Colombia
2020,0.92,0.88,0.08,Colombia
2019,0.95,0.94,0.05,Colombia
2018,0.92,0.92,0.08,Colombia
2017,0.94,0.92,0.06,Colombia
2016,0.93,0.91,0.07,Colombia
2015,0.93,0.91,0.07,Colombia
2023,0.8,0.75,0.2,Comoros
2022,0.85,0.78,0.15,Comoros
2021,0.8,0.72,0.2,Comoros
2020,0.78,0.74,0.22,Comoros
2019,0.81,0.78,0.19,Comoros
2018,0.8,0.77,0.2,Comoros
2017,0.84,0.79,0.16,Comoros
2016,0.83,0.75,0.17,Comoros
2015,0.81,0.8,0.19,Comoros
2023,0.82,0.78,0.18,Congo
2022,0.82,0.78,0.18,Congo
2021,0.81,0.77,0.19,Congo
2020,0.77,0.73,0.23,Congo
2019,0.82,0.79,0.18,Congo
2018,0.79,0.75,0.21,Congo
2017,0.75,0.69,0.25,Congo
2016,0.76,0.71,0.24,Congo
2015,0.85,0.8,0.15,Congo
2023,0.95,0.86,0.05,Cook Islands
2022,0.91,0.72,0.09,Cook Islands
2021,0.94,0.81,0.06,Cook Islands
2020,0.97,0.89,0.03,Cook Islands
2019,0.99,0.98,0.01,Cook Islands
2018,0.99,0.99,0.01,Cook Islands
2017,0.99,0.99,0.01,Cook Islands
2016,0.99,0.99,0.01,Cook Islands
2015,0.99,0.99,0.01,Cook Islands
2023,0.99,0.99,0.01,Costa Rica
2022,0.98,0.95,0.02,Costa Rica
2021,0.97,0.93,0.03,Costa Rica
2020,0.99,0.97,0.01,Costa Rica
2019,0.96,0.95,0.04,Costa Rica
2018,0.95,0.94,0.05,Costa Rica
2017,0.99,0.96,0.01,Costa Rica
2016,0.99,0.97,0.01,Costa Rica
2015,0.93,0.92,0.07,Costa Rica
2023,0.83,0.79,0.17,Cote d'Ivoire
2022,0.78,0.73,0.22,Cote d'Ivoire
2021,0.78,0.73,0.22,Cote d'Ivoire
2020,0.77,0.72,0.23,Cote d'Ivoire
2019,0.87,0.79,0.13,Cote d'Ivoire
2018,0.93,0.83,0.07,Cote d'Ivoire
2017,0.93,0.83,0.07,Cote d'Ivoire
2016,0.98,0.87,0.02,Cote d'Ivoire
2015,0.96,0.79,0.04,Cote d'Ivoire
2023,0.98,0.93,0.02,Croatia
2022,0.98,0.92,0.02,Croatia
2021,0.98,0.92,0.02,Croatia
2020,0.98,0.94,0.02,Croatia
2019,0.98,0.94,0.02,Croatia
2018,0.98,0.93,0.02,Croatia
2017,0.98,0.92,0.02,Croatia
2016,0.98,0.93,0.02,Croatia
2015,0.98,0.94,0.02,Croatia
2023,0.99,0.99,0.01,Cuba
2022,0.99,0.99,0.01,Cuba
2021,0.99,0.99,0.01,Cuba
2020,0.99,0.99,0.01,Cuba
2019,0.99,0.99,0.01,Cuba
2018,0.99,0.99,0.01,Cuba
2017,0.99,0.99,0.01,Cuba
2016,0.99,0.99,0.01,Cuba
2015,0.99,0.99,0.01,Cuba
2023,0.98,0.95,0.02,Cyprus
2022,0.98,0.95,0.02,Cyprus
2021,0.98,0.95,0.02,Cyprus
2020,0.98,0.95,0.02,Cyprus
2019,0.98,0.95,0.02,Cyprus
2018,0.99,0.99,0.01,Cyprus
2017,0.98,0.97,0.02,Cyprus
2016,0.98,0.96,0.02,Cyprus
2015,0.98,0.96,0.02,Cyprus
2023,0.96,0.94,0.04,Czechia
2022,0.99,0.94,0.01,Czechia
2021,0.99,0.94,0.01,Czechia
2020,0.99,0.97,0.01,Czechia
2019,0.99,0.97,0.01,Czechia
2018,0.99,0.97,0.01,Czechia
2017,0.99,0.96,0.01,Czechia
2016,0.99,0.96,0.01,Czechia
2015,0.99,0.97,0.01,Czechia
2023,0.41,0.16,0.59,Democratic People's Republic of Korea
2022,0.41,0,0.59,Democratic People's Republic of Korea
2021,0.42,0.41,0.58,Democratic People's Republic of Korea
2020,0.98,0.97,0.02,Democratic People's Republic of Korea
2019,0.98,0.97,0.02,Democratic People's Republic of Korea
2018,0.99,0.97,0.01,Democratic People's Republic of Korea
2017,0.98,0.97,0.02,Democratic People's Republic of Korea
2016,0.97,0.96,0.03,Democratic People's Republic of Korea
2015,0.97,0.96,0.03,Democratic People's Republic of Korea
2023,0.8,0.6,0.2,Democratic Republic of the Congo
2022,0.81,0.65,0.19,Democratic Republic of the Congo
2021,0.81,0.65,0.19,Democratic Republic of the Congo
2020,0.83,0.7,0.17,Democratic Republic of the Congo
2019,0.84,0.73,0.16,Democratic Republic of the Congo
2018,0.82,0.71,0.18,Democratic Republic of the Congo
2017,0.82,0.71,0.18,Democratic Republic of the Congo
2016,0.81,0.7,0.19,Democratic Republic of the Congo
2015,0.81,0.7,0.19,Democratic Republic of the Congo
2023,0.98,0.97,0.02,Denmark
2022,0.98,0.97,0.02,Denmark
2021,0.98,0.97,0.02,Denmark
2020,0.97,0.97,0.03,Denmark
2019,0.97,0.97,0.03,Denmark
2018,0.97,0.97,0.03,Denmark
2017,0.99,0.98,0.01,Denmark
2016,0.97,0.94,0.03,Denmark
2015,0.96,0.93,0.04,Denmark
2023,0.77,0.72,0.23,Djibouti
2022,0.7,0.59,0.3,Djibouti
2021,0.7,0.59,0.3,Djibouti
2020,0.76,0.7,0.24,Djibouti
2019,0.9,0.85,0.1,Djibouti
2018,0.91,0.84,0.09,Djibouti
2017,0.83,0.76,0.17,Djibouti
2016,0.74,0.68,0.26,Djibouti
2015,0.9,0.84,0.1,Djibouti
2023,0.99,0.56,0.01,Dominica
2022,0.96,0.82,0.04,Dominica
2021,0.95,0.92,0.05,Dominica
2020,0.99,0.96,0.01,Dominica
2019,0.99,0.99,0.01,Dominica
2018,0.99,0.94,0.01,Dominica
2017,0.98,0.91,0.02,Dominica
2016,0.99,0.99,0.01,Dominica
2015,0.99,0.98,0.01,Dominica
2023,0.99,0.9,0.01,Dominican Republic
2022,0.99,0.88,0.01,Dominican Republic
2021,0.99,0.84,0.01,Dominican Republic
2020,0.86,0.82,0.14,Dominican Republic
2019,0.96,0.89,0.04,Dominican Republic
2018,0.98,0.87,0.02,Dominican Republic
2017,0.99,0.84,0.01,Dominican Republic
2016,0.98,0.87,0.02,Dominican Republic
2015,0.99,0.85,0.01,Dominican Republic
2023,0.74,0.7,0.26,Ecuador
2022,0.74,0.7,0.26,Ecuador
2021,0.78,0.72,0.22,Ecuador
2020,0.74,0.7,0.26,Ecuador
2019,0.85,0.85,0.15,Ecuador
2018,0.86,0.85,0.14,Ecuador
2017,0.95,0.85,0.05,Ecuador
2016,0.94,0.83,0.06,Ecuador
2015,0.8,0.78,0.2,Ecuador
2023,0.98,0.96,0.02,Egypt
2022,0.97,0.97,0.03,Egypt
2021,0.97,0.96,0.03,Egypt
2020,0.95,0.94,0.05,Egypt
2019,0.96,0.95,0.04,Egypt
2018,0.96,0.95,0.04,Egypt
2017,0.95,0.94,0.05,Egypt
2016,0.96,0.95,0.04,Egypt
2015,0.94,0.93,0.06,Egypt
2023,0.96,0.96,0.04,El Salvador
2022,0.96,0.95,0.04,El Salvador
2021,0.97,0.97,0.03,El Salvador
2020,0.98,0.89,0.02,El Salvador
2019,0.96,0.96,0.04,El Salvador
2018,0.91,0.89,0.09,El Salvador
2017,0.97,0.92,0.03,El Salvador
2016,0.99,0.98,0.01,El Salvador
2015,0.97,0.94,0.03,El Salvador
2023,0.8,0.74,0.2,Equatorial Guinea
2022,0.76,0.7,0.24,Equatorial Guinea
2021,0.76,0.67,0.24,Equatorial Guinea
2020,0.76,0.64,0.24,Equatorial Guinea
2019,0.77,0.62,0.23,Equatorial Guinea
2018,0.77,0.59,0.23,Equatorial Guinea
2017,0.77,0.56,0.23,Equatorial Guinea
2016,0.77,0.53,0.23,Equatorial Guinea
2015,0.64,0.4,0.36,Equatorial Guinea
2023,0.97,0.95,0.03,Eritrea
2022,0.97,0.95,0.03,Eritrea
2021,0.97,0.95,0.03,Eritrea
2020,0.97,0.95,0.03,Eritrea
2019,0.97,0.95,0.03,Eritrea
2018,0.97,0.95,0.03,Eritrea
2017,0.97,0.95,0.03,Eritrea
2016,0.97,0.95,0.03,Eritrea
2015,0.98,0.95,0.02,Eritrea
2023,0.91,0.9,0.09,Estonia
2022,0.91,0.9,0.09,Estonia
2021,0.91,0.9,0.09,Estonia
2020,0.92,0.91,0.08,Estonia
2019,0.92,0.91,0.08,Estonia
2018,0.93,0.92,0.07,Estonia
2017,0.94,0.93,0.06,Estonia
2016,0.94,0.93,0.06,Estonia
2015,0.94,0.93,0.06,Estonia
2023,0.89,0.85,0.11,Eswatini
2022,0.99,0.97,0.01,Eswatini
2021,0.86,0.77,0.14,Eswatini
2020,0.87,0.83,0.13,Eswatini
2019,0.96,0.9,0.04,Eswatini
2018,0.96,0.9,0.04,Eswatini
2017,0.96,0.9,0.04,Eswatini
2016,0.96,0.9,0.04,Eswatini
2015,0.96,0.9,0.04,Eswatini
2023,0.77,0.72,0.23,Ethiopia
2022,0.7,0.65,0.3,Ethiopia
2021,0.7,0.65,0.3,Ethiopia
2020,0.76,0.71,0.24,Ethiopia
2019,0.76,0.68,0.24,Ethiopia
2018,0.77,0.67,0.23,Ethiopia
2017,0.76,0.68,0.24,Ethiopia
2016,0.75,0.66,0.25,Ethiopia
2015,0.74,0.63,0.26,Ethiopia
2023,0.99,0.99,0.01,Fiji
2022,0.99,0.99,0.01,Fiji
2021,0.99,0.99,0.01,Fiji
2020,0.99,0.99,0.01,Fiji
2019,0.97,0.97,0.03,Fiji
2018,0.95,0.94,0.05,Fiji
2017,0.92,0.91,0.08,Fiji
2016,0.98,0.95,0.02,Fiji
2015,0.99,0.99,0.01,Fiji
2023,0.97,0.91,0.03,Finland
2022,0.97,0.91,0.03,Finland
2021,0.98,0.89,0.02,Finland
2020,0.98,0.9,0.02,Finland
2019,0.98,0.91,0.02,Finland
2018,0.99,0.91,0.01,Finland
2017,0.98,0.89,0.02,Finland
2016,0.99,0.92,0.01,Finland
2015,0.99,0.97,0.01,Finland
2023,0.99,0.96,0.01,France
2022,0.99,0.96,0.01,France
2021,0.99,0.96,0.01,France
2020,0.99,0.96,0.01,France
2019,0.99,0.96,0.01,France
2018,0.99,0.96,0.01,France
2017,0.99,0.96,0.01,France
2016,0.99,0.96,0.01,France
2015,0.99,0.97,0.01,France
2023,0.73,0.7,0.27,Gabon
2022,0.65,0.6,0.35,Gabon
2021,0.76,0.75,0.24,Gabon
2020,0.69,0.63,0.31,Gabon
2019,0.77,0.7,0.23,Gabon
2018,0.78,0.7,0.22,Gabon
2017,0.81,0.75,0.19,Gabon
2016,0.83,0.75,0.17,Gabon
2015,0.87,0.8,0.13,Gabon
2023,0.84,0.84,0.16,Gambia
2022,0.85,0.79,0.15,Gambia
2021,0.82,0.82,0.18,Gambia
2020,0.88,0.85,0.12,Gambia
2019,0.93,0.88,0.07,Gambia
2018,0.94,0.93,0.06,Gambia
2017,0.93,0.92,0.07,Gambia
2016,0.99,0.95,0.01,Gambia
2015,0.99,0.97,0.01,Gambia
2023,0.96,0.88,0.04,Georgia
2022,0.95,0.85,0.05,Georgia
2021,0.97,0.85,0.03,Georgia
2020,0.95,0.88,0.05,Georgia
2019,0.99,0.94,0.01,Georgia
2018,0.99,0.93,0.01,Georgia
2017,0.98,0.91,0.02,Georgia
2016,0.97,0.92,0.03,Georgia
2015,0.97,0.94,0.03,Georgia
2023,0.98,0.91,0.02,Germany
2022,0.98,0.91,0.02,Germany
2021,0.98,0.91,0.02,Germany
2020,0.98,0.91,0.02,Germany
2019,0.98,0.91,0.02,Germany
2018,0.98,0.91,0.02,Germany
2017,0.98,0.91,0.02,Germany
2016,0.98,0.91,0.02,Germany
2015,0.98,0.93,0.02,Germany
2023,0.99,0.95,0.01,Ghana
2022,0.99,0.99,0.01,Ghana
2021,0.99,0.98,0.01,Ghana
2020,0.94,0.94,0.06,Ghana
2019,0.97,0.97,0.03,Ghana
2018,0.97,0.97,0.03,Ghana
2017,0.99,0.99,0.01,Ghana
2016,0.94,0.93,0.06,Ghana
2015,0.97,0.88,0.03,Ghana
2023,0.99,0.99,0.01,Greece
2022,0.99,0.99,0.01,Greece
2021,0.99,0.99,0.01,Greece
2020,0.99,0.99,0.01,Greece
2019,0.99,0.99,0.01,Greece
2018,0.99,0.99,0.01,Greece
2017,0.99,0.99,0.01,Greece
2016,0.99,0.99,0.01,Greece
2015,0.99,0.99,0.01,Greece
2023,0.92,0.86,0.08,Grenada
2022,0.79,0.77,0.21,Grenada
2021,0.84,0.77,0.16,Grenada
2020,0.79,0.72,0.21,Grenada
2019,0.98,0.94,0.02,Grenada
2018,0.96,0.95,0.04,Grenada
2017,0.98,0.96,0.02,Grenada
2016,0.98,0.96,0.02,Grenada
2015,0.94,0.92,0.06,Grenada
2023,0.94,0.83,0.06,Guatemala
2022,0.94,0.81,0.06,Guatemala
2021,0.91,0.8,0.09,Guatemala
2020,0.99,0.9,0.01,Guatemala
2019,0.96,0.88,0.04,Guatemala
2018,0.94,0.85,0.06,Guatemala
2017,0.98,0.91,0.02,Guatemala
2016,0.99,0.83,0.01,Guatemala
2015,0.99,0.7,0.01,Guatemala
2023,0.62,0.47,0.38,Guinea
2022,0.62,0.47,0.38,Guinea
2021,0.62,0.47,0.38,Guinea
2020,0.62,0.47,0.38,Guinea
2019,0.62,0.47,0.38,Guinea
2018,0.62,0.47,0.38,Guinea
2017,0.62,0.47,0.38,Guinea
2016,0.62,0.47,0.38,Guinea
2015,0.64,0.47,0.36,Guinea
2023,0.8,0.74,0.2,Guinea-Bissau
2022,0.81,0.74,0.19,Guinea-Bissau
2021,0.81,0.67,0.19,Guinea-Bissau
2020,0.87,0.74,0.13,Guinea-Bissau
2019,0.86,0.78,0.14,Guinea-Bissau
2018,0.92,0.82,0.08,Guinea-Bissau
2017,0.91,0.79,0.09,Guinea-Bissau
2016,0.9,0.85,0.1,Guinea-Bissau
2015,0.91,0.86,0.09,Guinea-Bissau
2023,0.98,0.98,0.02,Guyana
2022,0.98,0.98,0.02,Guyana
2021,0.98,0.98,0.02,Guyana
2020,0.99,0.99,0.01,Guyana
2019,0.99,0.99,0.01,Guyana
2018,0.99,0.95,0.01,Guyana
2017,0.97,0.97,0.03,Guyana
2016,0.97,0.97,0.03,Guyana
2015,0.96,0.95,0.04,Guyana
2023,0.75,0.51,0.25,Haiti
2022,0.75,0.51,0.25,Haiti
2021,0.75,0.51,0.25,Haiti
2020,0.75,0.51,0.25,Haiti
2019,0.75,0.51,0.25,Haiti
2018,0.84,0.64,0.16,Haiti
2017,0.84,0.64,0.16,Haiti
2016,0.84,0.64,0.16,Haiti
2015,0.84,0.64,0.16,Haiti
2023,0.74,0.73,0.26,Honduras
2022,0.8,0.78,0.2,Honduras
2021,0.82,0.77,0.18,Honduras
2020,0.85,0.8,0.15,Honduras
2019,0.89,0.88,0.11,Honduras
2018,0.93,0.91,0.07,Honduras
2017,0.92,0.9,0.08,Honduras
2016,0.98,0.95,0.02,Honduras
2015,0.99,0.98,0.01,Honduras
2023,0.99,0.99,0.01,Hungary
2022,0.99,0.99,0.01,Hungary
2021,0.99,0.99,0.01,Hungary
2020,0.99,0.99,0.01,Hungary
2019,0.99,0.99,0.01,Hungary
2018,0.99,0.99,0.01,Hungary
2017,0.99,0.99,0.01,Hungary
2016,0.99,0.99,0.01,Hungary
2015,0.99,0.99,0.01,Hungary
2023,0.95,0.92,0.05,Iceland
2022,0.95,0.92,0.05,Iceland
2021,0.97,0.92,0.03,Iceland
2020,0.96,0.93,0.04,Iceland
2019,0.95,0.92,0.05,Iceland
2018,0.97,0.91,0.03,Iceland
2017,0.97,0.89,0.03,Iceland
2016,0.96,0.91,0.04,Iceland
2015,0.96,0.92,0.04,Iceland
2023,0.93,0.91,0.07,India
2022,0.95,0.93,0.05,India
2021,0.88,0.85,0.12,India
2020,0.87,0.85,0.13,India
2019,0.94,0.91,0.06,India
2018,0.93,0.9,0.07,India
2017,0.92,0.89,0.08,India
2016,0.91,0.88,0.09,India
2015,0.9,0.87,0.1,India
2023,0.85,0.83,0.15,Indonesia
2022,0.92,0.91,0.08,Indonesia
2021,0.74,0.67,0.26,Indonesia
2020,0.83,0.77,0.17,Indonesia
2019,0.9,0.85,0.1,Indonesia
2018,0.9,0.85,0.1,Indonesia
2017,0.9,0.85,0.1,Indonesia
2016,0.9,0.84,0.1,Indonesia
2015,0.9,0.84,0.1,Indonesia
2023,0.99,0.99,0.01,Iran (Islamic Republic of)
2022,0.99,0.99,0.01,Iran (Islamic Republic of)
2021,0.98,0.98,0.02,Iran (Islamic Republic of)
2020,0.99,0.99,0.01,Iran (Islamic Republic of)
2019,0.99,0.99,0.01,Iran (Islamic Republic of)
2018,0.99,0.99,0.01,Iran (Islamic Republic of)
2017,0.99,0.99,0.01,Iran (Islamic Republic of)
2016,0.99,0.99,0.01,Iran (Islamic Republic of)
2015,0.99,0.98,0.01,Iran (Islamic Republic of)
2023,0.97,0.91,0.03,Iraq
2022,0.99,0.93,0.01,Iraq
2021,0.89,0.78,0.11,Iraq
2020,0.9,0.74,0.1,Iraq
2019,0.93,0.84,0.07,Iraq
2018,0.95,0.86,0.05,Iraq
2017,0.89,0.81,0.11,Iraq
2016,0.71,0.71,0.29,Iraq
2015,0.8,0.68,0.2,Iraq
2023,0.96,0.89,0.04,Ireland
2022,0.97,0.93,0.03,Ireland
2021,0.98,0.94,0.02,Ireland
2020,0.98,0.94,0.02,Ireland
2019,0.98,0.94,0.02,Ireland
2018,0.98,0.94,0.02,Ireland
2017,0.98,0.95,0.02,Ireland
2016,0.98,0.95,0.02,Ireland
2015,0.98,0.95,0.02,Ireland
2023,0.99,0.98,0.01,Israel
2022,0.99,0.98,0.01,Israel
2021,0.99,0.98,0.01,Israel
2020,0.99,0.98,0.01,Israel
2019,0.99,0.98,0.01,Israel
2018,0.99,0.98,0.01,Israel
2017,0.99,0.98,0.01,Israel
2016,0.94,0.94,0.06,Israel
2015,0.95,0.95,0.05,Israel
2023,0.98,0.95,0.02,Italy
2022,0.98,0.95,0.02,Italy
2021,0.94,0.94,0.06,Italy
2020,0.94,0.94,0.06,Italy
2019,0.98,0.96,0.02,Italy
2018,0.95,0.95,0.05,Italy
2017,0.95,0.95,0.05,Italy
2016,0.95,0.94,0.05,Italy
2015,0.95,0.93,0.05,Italy
2023,0.98,0.98,0.02,Jamaica
2022,0.99,0.98,0.01,Jamaica
2021,0.93,0.9,0.07,Jamaica
2020,0.97,0.96,0.03,Jamaica
2019,0.97,0.96,0.03,Jamaica
2018,0.99,0.97,0.01,Jamaica
2017,0.95,0.93,0.05,Jamaica
2016,0.99,0.99,0.01,Jamaica
2015,0.97,0.91,0.03,Jamaica
2023,0.99,0.98,0.01,Japan
2022,0.99,0.99,0.01,Japan
2021,0.99,0.99,0.01,Japan
2020,0.98,0.96,0.02,Japan
2019,0.99,0.98,0.01,Japan
2018,0.99,0.98,0.01,Japan
2017,0.99,0.99,0.01,Japan
2016,0.99,0.99,0.01,Japan
2015,0.98,0.96,0.02,Japan
2023,0.97,0.96,0.03,Jordan
2022,0.92,0.92,0.08,Jordan
2021,0.85,0.85,0.15,Jordan
2020,0.78,0.77,0.22,Jordan
2019,0.9,0.89,0.1,Jordan
2018,0.98,0.96,0.02,Jordan
2017,0.99,0.99,0.01,Jordan
2016,0.99,0.98,0.01,Jordan
2015,0.99,0.99,0.01,Jordan
2023,0.99,0.99,0.01,Kazakhstan
2022,0.99,0.99,0.01,Kazakhstan
2021,0.98,0.95,0.02,Kazakhstan
2020,0.94,0.88,0.06,Kazakhstan
2019,0.99,0.97,0.01,Kazakhstan
2018,0.99,0.98,0.01,Kazakhstan
2017,0.99,0.99,0.01,Kazakhstan
2016,0.93,0.82,0.07,Kazakhstan
2015,0.99,0.98,0.01,Kazakhstan
2023,0.97,0.93,0.03,Kenya
2022,0.99,0.94,0.01,Kenya
2021,0.99,0.95,0.01,Kenya
2020,0.97,0.93,0.03,Kenya
2019,0.96,0.93,0.04,Kenya
2018,0.93,0.91,0.07,Kenya
2017,0.82,0.81,0.18,Kenya
2016,0.89,0.88,0.11,Kenya
2015,0.96,0.89,0.04,Kenya
2023,0.99,0.9,0.01,Kiribati
2022,0.96,0.91,0.04,Kiribati
2021,0.98,0.9,0.02,Kiribati
2020,0.99,0.92,0.01,Kiribati
2019,0.97,0.97,0.03,Kiribati
2018,0.96,0.95,0.04,Kiribati
2017,0.94,0.9,0.06,Kiribati
2016,0.82,0.81,0.18,Kiribati
2015,0.81,0.78,0.19,Kiribati
2023,0.99,0.99,0.01,Kuwait
2022,0.99,0.96,0.01,Kuwait
2021,0.99,0.94,0.01,Kuwait
2020,0.99,0.93,0.01,Kuwait
2019,0.99,0.92,0.01,Kuwait
2018,0.99,0.91,0.01,Kuwait
2017,0.99,0.99,0.01,Kuwait
2016,0.99,0.99,0.01,Kuwait
2015,0.99,0.99,0.01,Kuwait
2023,0.91,0.86,0.09,Kyrgyzstan
2022,0.9,0.9,0.1,Kyrgyzstan
2021,0.89,0.89,0.11,Kyrgyzstan
2020,0.9,0.87,0.1,Kyrgyzstan
2019,0.99,0.95,0.01,Kyrgyzstan
2018,0.98,0.94,0.02,Kyrgyzstan
2017,0.94,0.92,0.06,Kyrgyzstan
2016,0.97,0.96,0.03,Kyrgyzstan
2015,0.99,0.97,0.01,Kyrgyzstan
2023,0.9,0.84,0.1,Lao People's Democratic Republic
2022,0.87,0.8,0.13,Lao People's Democratic Republic
2021,0.85,0.75,0.15,Lao People's Democratic Republic
2020,0.87,0.79,0.13,Lao People's Democratic Republic
2019,0.86,0.8,0.14,Lao People's Democratic Republic
2018,0.91,0.85,0.09,Lao People's Democratic Republic
2017,0.91,0.84,0.09,Lao People's Democratic Republic
2016,0.88,0.83,0.12,Lao People's Democratic Republic
2015,0.88,0.83,0.12,Lao People's Democratic Republic
2023,0.98,0.98,0.02,Latvia
2022,0.99,0.95,0.01,Latvia
2021,0.96,0.94,0.04,Latvia
2020,0.99,0.99,0.01,Latvia
2019,0.99,0.99,0.01,Latvia
2018,0.97,0.96,0.03,Latvia
2017,0.98,0.98,0.02,Latvia
2016,0.99,0.98,0.01,Latvia
2015,0.97,0.94,0.03,Latvia
2023,0.78,0.55,0.22,Lebanon
2022,0.88,0.67,0.12,Lebanon
2021,0.88,0.67,0.12,Lebanon
2020,0.87,0.71,0.13,Lebanon
2019,0.93,0.76,0.07,Lebanon
2018,0.93,0.77,0.07,Lebanon
2017,0.94,0.79,0.06,Lebanon
2016,0.95,0.8,0.05,Lebanon
2015,0.95,0.82,0.05,Lebanon
2023,0.92,0.87,0.08,Lesotho
2022,0.92,0.87,0.08,Lesotho
2021,0.92,0.87,0.08,Lesotho
2020,0.92,0.87,0.08,Lesotho
2019,0.92,0.87,0.08,Lesotho
2018,0.92,0.87,0.08,Lesotho
2017,0.92,0.87,0.08,Lesotho
2016,0.92,0.87,0.08,Lesotho
2015,0.89,0.83,0.11,Lesotho
2023,0.99,0.82,0.01,Liberia
2022,0.93,0.78,0.07,Liberia
2021,0.81,0.66,0.19,Liberia
2020,0.82,0.65,0.18,Liberia
2019,0.86,0.7,0.14,Liberia
2018,0.91,0.8,0.09,Liberia
2017,0.89,0.8,0.11,Liberia
2016,0.83,0.73,0.17,Liberia
2015,0.77,0.65,0.23,Liberia
2023,0.74,0.73,0.26,Libya
2022,0.74,0.73,0.26,Libya
2021,0.74,0.73,0.26,Libya
2020,0.74,0.73,0.26,Libya
2019,0.74,0.73,0.26,Libya
2018,0.74,0.73,0.26,Libya
2017,0.99,0.96,0.01,Libya
2016,0.98,0.97,0.02,Libya
2015,0.98,0.97,0.02,Libya
2023,0.93,0.9,0.07,Lithuania
2022,0.93,0.9,0.07,Lithuania
2021,0.93,0.9,0.07,Lithuania
2020,0.95,0.91,0.05,Lithuania
2019,0.96,0.92,0.04,Lithuania
2018,0.95,0.92,0.05,Lithuania
2017,0.97,0.94,0.03,Lithuania
2016,0.97,0.94,0.03,Lithuania
2015,0.97,0.93,0.03,Lithuania
2023,0.99,0.99,0.01,Luxembourg
2022,0.99,0.99,0.01,Luxembourg
2021,0.99,0.99,0.01,Luxembourg
2020,0.99,0.99,0.01,Luxembourg
2019,0.99,0.99,0.01,Luxembourg
2018,0.99,0.99,0.01,Luxembourg
2017,0.99,0.99,0.01,Luxembourg
2016,0.99,0.99,0.01,Luxembourg
2015,0.99,0.99,0.01,Luxembourg
2023,0.74,0.65,0.26,Madagascar
2022,0.66,0.57,0.34,Madagascar
2021,0.66,0.57,0.34,Madagascar
2020,0.78,0.68,0.22,Madagascar
2019,0.77,0.7,0.23,Madagascar
2018,0.77,0.74,0.23,Madagascar
2017,0.71,0.65,0.29,Madagascar
2016,0.74,0.68,0.26,Madagascar
2015,0.71,0.62,0.29,Madagascar
2023,0.95,0.91,0.05,Malawi
2022,0.89,0.86,0.11,Malawi
2021,0.95,0.93,0.05,Malawi
2020,0.95,0.94,0.05,Malawi
2019,0.97,0.95,0.03,Malawi
2018,0.96,0.92,0.04,Malawi
2017,0.93,0.88,0.07,Malawi
2016,0.89,0.84,0.11,Malawi
2015,0.93,0.88,0.07,Malawi
2023,0.99,0.97,0.01,Malaysia
2022,0.99,0.97,0.01,Malaysia
2021,0.98,0.95,0.02,Malaysia
2020,0.99,0.98,0.01,Malaysia
2019,0.99,0.98,0.01,Malaysia
2018,0.99,0.99,0.01,Malaysia
2017,0.99,0.99,0.01,Malaysia
2016,0.99,0.98,0.01,Malaysia
2015,0.99,0.99,0.01,Malaysia
2023,0.99,0.99,0.01,Maldives
2022,0.99,0.99,0.01,Maldives
2021,0.97,0.96,0.03,Maldives
2020,0.99,0.99,0.01,Maldives
2019,0.99,0.98,0.01,Maldives
2018,0.99,0.99,0.01,Maldives
2017,0.99,0.99,0.01,Maldives
2016,0.99,0.99,0.01,Maldives
2015,0.99,0.99,0.01,Maldives
2023,0.78,0.77,0.22,Mali
2022,0.78,0.77,0.22,Mali
2021,0.79,0.77,0.21,Mali
2020,0.75,0.7,0.25,Mali
2019,0.81,0.77,0.19,Mali
2018,0.82,0.77,0.18,Mali
2017,0.82,0.77,0.18,Mali
2016,0.82,0.76,0.18,Mali
2015,0.78,0.71,0.22,Mali
2023,0.99,0.98,0.01,Malta
2022,0.99,0.98,0.01,Malta
2021,0.99,0.99,0.01,Malta
2020,0.99,0.98,0.01,Malta
2019,0.98,0.98,0.02,Malta
2018,0.99,0.97,0.01,Malta
2017,0.98,0.98,0.02,Malta
2016,0.97,0.97,0.03,Malta
2015,0.98,0.97,0.02,Malta
2023,0.98,0.85,0.02,Marshall Islands
2022,0.96,0.86,0.04,Marshall Islands
2021,0.97,0.86,0.03,Marshall Islands
2020,0.97,0.82,0.03,Marshall Islands
2019,0.96,0.79,0.04,Marshall Islands
2018,0.97,0.81,0.03,Marshall Islands
2017,0.97,0.8,0.03,Marshall Islands
2016,0.87,0.71,0.13,Marshall Islands
2015,0.95,0.85,0.05,Marshall Islands
2023,0.96,0.9,0.04,Mauritania
2022,0.96,0.85,0.04,Mauritania
2021,0.87,0.77,0.13,Mauritania
2020,0.92,0.81,0.08,Mauritania
2019,0.88,0.8,0.12,Mauritania
2018,0.86,0.77,0.14,Mauritania
2017,0.86,0.76,0.14,Mauritania
2016,0.87,0.74,0.13,Mauritania
2015,0.87,0.73,0.13,Mauritania
2023,0.97,0.96,0.03,Mauritius
2022,0.96,0.95,0.04,Mauritius
2021,0.93,0.92,0.07,Mauritius
2020,0.94,0.93,0.06,Mauritius
2019,0.97,0.96,0.03,Mauritius
2018,0.98,0.97,0.02,Mauritius
2017,0.96,0.94,0.04,Mauritius
2016,0.97,0.96,0.03,Mauritius
2015,0.98,0.97,0.02,Mauritius
2023,0.89,0.85,0.11,Mexico
2022,0.93,0.83,0.07,Mexico
2021,0.83,0.78,0.17,Mexico
2020,0.77,0.72,0.23,Mexico
2019,0.84,0.82,0.16,Mexico
2018,0.9,0.88,0.1,Mexico
2017,0.93,0.85,0.07,Mexico
2016,0.96,0.93,0.04,Mexico
2015,0.99,0.87,0.01,Mexico
2023,0.98,0.79,0.02,Micronesia (Federated States of)
2022,0.92,0.69,0.08,Micronesia (Federated States of)
2021,0.95,0.72,0.05,Micronesia (Federated States of)
2020,0.98,0.83,0.02,Micronesia (Federated States of)
2019,0.97,0.78,0.03,Micronesia (Federated States of)
2018,0.97,0.75,0.03,Micronesia (Federated States of)
2017,0.97,0.73,0.03,Micronesia (Federated States of)
2016,0.95,0.69,0.05,Micronesia (Federated States of)
2015,0.95,0.72,0.05,Micronesia (Federated States of)
2023,0.99,0.99,0.01,Monaco
2022,0.99,0.99,0.01,Monaco
2021,0.99,0.99,0.01,Monaco
2020,0.99,0.99,0.01,Monaco
2019,0.99,0.99,0.01,Monaco
2018,0.99,0.99,0.01,Monaco
2017,0.99,0.99,0.01,Monaco
2016,0.99,0.99,0.01,Monaco
2015,0.99,0.99,0.01,Monaco
2023,0.98,0.96,0.02,Mongolia
2022,0.97,0.95,0.03,Mongolia
2021,0.97,0.95,0.03,Mongolia
2020,0.98,0.96,0.02,Mongolia
2019,0.99,0.98,0.01,Mongolia
2018,0.99,0.99,0.01,Mongolia
2017,0.99,0.99,0.01,Mongolia
2016,0.99,0.99,0.01,Mongolia
2015,0.99,0.99,0.01,Mongolia
2023,0.93,0.81,0.07,Montenegro
2022,0.93,0.8,0.07,Montenegro
2021,0.94,0.83,0.06,Montenegro
2020,0.94,0.84,0.06,Montenegro
2019,0.94,0.85,0.06,Montenegro
2018,0.94,0.86,0.06,Montenegro
2017,0.95,0.87,0.05,Montenegro
2016,0.97,0.89,0.03,Montenegro
2015,0.96,0.89,0.04,Montenegro
2023,0.99,0.99,0.01,Morocco
2022,0.99,0.99,0.01,Morocco
2021,0.99,0.99,0.01,Morocco
2020,0.99,0.99,0.01,Morocco
2019,0.99,0.99,0.01,Morocco
2018,0.99,0.99,0.01,Morocco
2017,0.99,0.99,0.01,Morocco
2016,0.99,0.99,0.01,Morocco
2015,0.99,0.99,0.01,Morocco
2023,0.9,0.7,0.1,Mozambique
2022,0.81,0.55,0.19,Mozambique
2021,0.76,0.56,0.24,Mozambique
2020,0.83,0.71,0.17,Mozambique
2019,0.9,0.85,0.1,Mozambique
2018,0.9,0.85,0.1,Mozambique
2017,0.9,0.85,0.1,Mozambique
2016,0.9,0.85,0.1,Mozambique
2015,0.9,0.85,0.1,Mozambique
2023,0.8,0.76,0.2,Myanmar
2022,0.81,0.71,0.19,Myanmar
2021,0.45,0.37,0.55,Myanmar
2020,0.87,0.84,0.13,Myanmar
2019,0.93,0.9,0.07,Myanmar
2018,0.95,0.91,0.05,Myanmar
2017,0.94,0.89,0.06,Myanmar
2016,0.94,0.9,0.06,Myanmar
2015,0.94,0.89,0.06,Myanmar
2023,0.88,0.83,0.12,Namibia
2022,0.9,0.84,0.1,Namibia
2021,0.98,0.94,0.02,Namibia
2020,0.97,0.93,0.03,Namibia
2019,0.92,0.87,0.08,Namibia
2018,0.94,0.89,0.06,Namibia
2017,0.94,0.88,0.06,Namibia
2016,0.9,0.85,0.1,Namibia
2015,0.98,0.92,0.02,Namibia
2023,0.99,0.99,0.01,Nauru
2022,0.99,0.99,0.01,Nauru
2021,0.99,0.98,0.01,Nauru
2020,0.99,0.95,0.01,Nauru
2019,0.99,0.96,0.01,Nauru
2018,0.99,0.9,0.01,Nauru
2017,0.99,0.87,0.01,Nauru
2016,0.99,0.97,0.01,Nauru
2015,0.98,0.91,0.02,Nauru
2023,0.96,0.94,0.04,Nepal
2022,0.95,0.9,0.05,Nepal
2021,0.92,0.91,0.08,Nepal
2020,0.89,0.84,0.11,Nepal
2019,0.96,0.93,0.04,Nepal
2018,0.96,0.91,0.04,Nepal
2017,0.96,0.9,0.04,Nepal
2016,0.95,0.87,0.05,Nepal
2015,0.94,0.91,0.06,Nepal
2023,0.97,0.92,0.03,Netherlands (Kingdom of the)
2022,0.97,0.93,0.03,Netherlands (Kingdom of the)
2021,0.98,0.95,0.02,Netherlands (Kingdom of the)
2020,0.98,0.94,0.02,Netherlands (Kingdom of the)
2019,0.98,0.94,0.02,Netherlands (Kingdom of the)
2018,0.97,0.93,0.03,Netherlands (Kingdom of the)
2017,0.98,0.94,0.02,Netherlands (Kingdom of the)
2016,0.98,0.95,0.02,Netherlands (Kingdom of the)
2015,0.98,0.95,0.02,Netherlands (Kingdom of the)
2023,0.93,0.88,0.07,New Zealand
2022,0.94,0.89,0.06,New Zealand
2021,0.93,0.9,0.07,New Zealand
2020,0.94,0.92,0.06,New Zealand
2019,0.94,0.92,0.06,New Zealand
2018,0.95,0.93,0.05,New Zealand
2017,0.95,0.94,0.05,New Zealand
2016,0.92,0.92,0.08,New Zealand
2015,0.93,0.92,0.07,New Zealand
2023,0.89,0.89,0.11,Nicaragua
2022,0.94,0.92,0.06,Nicaragua
2021,0.88,0.87,0.12,Nicaragua
2020,0.94,0.92,0.06,Nicaragua
2019,0.99,0.98,0.01,Nicaragua
2018,0.99,0.98,0.01,Nicaragua
2017,0.99,0.98,0.01,Nicaragua
2016,0.99,0.98,0.01,Nicaragua
2015,0.99,0.98,0.01,Nicaragua
2023,0.94,0.85,0.06,Niger
2022,0.96,0.84,0.04,Niger
2021,0.94,0.82,0.06,Niger
2020,0.93,0.81,0.07,Niger
2019,0.92,0.81,0.08,Niger
2018,0.91,0.79,0.09,Niger
2017,0.95,0.85,0.05,Niger
2016,0.92,0.8,0.08,Niger
2015,0.93,0.84,0.07,Niger
2023,0.7,0.62,0.3,Nigeria
2022,0.7,0.62,0.3,Nigeria
2021,0.7,0.62,0.3,Nigeria
2020,0.7,0.62,0.3,Nigeria
2019,0.72,0.66,0.28,Nigeria
2018,0.69,0.61,0.31,Nigeria
2017,0.65,0.55,0.35,Nigeria
2016,0.62,0.53,0.38,Nigeria
2015,0.49,0.42,0.51,Nigeria
2023,0.99,0.99,0.01,Niue
2022,0.99,0.99,0.01,Niue
2021,0.99,0.99,0.01,Niue
2020,0.99,0.99,0.01,Niue
2019,0.99,0.99,0.01,Niue
2018,0.99,0.99,0.01,Niue
2017,0.99,0.99,0.01,Niue
2016,0.99,0.99,0.01,Niue
2015,0.99,0.99,0.01,Niue
2023,0.92,0.86,0.08,North Macedonia
2022,0.92,0.84,0.08,North Macedonia
2021,0.89,0.81,0.11,North Macedonia
2020,0.93,0.84,0.07,North Macedonia
2019,0.98,0.92,0.02,North Macedonia
2018,0.98,0.92,0.02,North Macedonia
2017,0.97,0.91,0.03,North Macedonia
2016,0.97,0.95,0.03,North Macedonia
2015,0.98,0.91,0.02,North Macedonia
2023,0.99,0.96,0.01,Norway
2022,0.98,0.97,0.02,Norway
2021,0.98,0.97,0.02,Norway
2020,0.98,0.97,0.02,Norway
2019,0.99,0.97,0.01,Norway
2018,0.99,0.96,0.01,Norway
2017,0.99,0.96,0.01,Norway
2016,0.99,0.96,0.01,Norway
2015,0.99,0.95,0.01,Norway
2023,0.99,0.99,0.01,Oman
2022,0.99,0.99,0.01,Oman
2021,0.99,0.99,0.01,Oman
2020,0.99,0.99,0.01,Oman
2019,0.99,0.99,0.01,Oman
2018,0.99,0.99,0.01,Oman
2017,0.99,0.99,0.01,Oman
2016,0.99,0.99,0.01,Oman
2015,0.99,0.99,0.01,Oman
2023,0.94,0.86,0.06,Pakistan
2022,0.93,0.85,0.07,Pakistan
2021,0.9,0.83,0.1,Pakistan
2020,0.87,0.8,0.13,Pakistan
2019,0.9,0.84,0.1,Pakistan
2018,0.87,0.8,0.13,Pakistan
2017,0.83,0.75,0.17,Pakistan
2016,0.82,0.75,0.18,Pakistan
2015,0.82,0.72,0.18,Pakistan
2023,0.99,0.97,0.01,Palau
2022,0.99,0.94,0.01,Palau
2021,0.99,0.95,0.01,Palau
2020,0.99,0.96,0.01,Palau
2019,0.99,0.97,0.01,Palau
2018,0.99,0.95,0.01,Palau
2017,0.99,0.97,0.01,Palau
2016,0.99,0.98,0.01,Palau
2015,0.99,0.9,0.01,Palau
2023,0.88,0.66,0.12,Panama
2022,0.98,0.82,0.02,Panama
2021,0.98,0.87,0.02,Panama
2020,0.93,0.74,0.07,Panama
2019,0.97,0.88,0.03,Panama
2018,0.97,0.88,0.03,Panama
2017,0.96,0.81,0.04,Panama
2016,0.96,0.86,0.04,Panama
2015,0.96,0.73,0.04,Panama
2023,0.45,0.35,0.55,Papua New Guinea
2022,0.47,0.37,0.53,Papua New Guinea
2021,0.41,0.32,0.59,Papua New Guinea
2020,0.5,0.4,0.5,Papua New Guinea
2019,0.44,0.35,0.56,Papua New Guinea
2018,0.44,0.35,0.56,Papua New Guinea
2017,0.46,0.36,0.54,Papua New Guinea
2016,0.64,0.46,0.36,Papua New Guinea
2015,0.62,0.49,0.38,Papua New Guinea
2023,0.79,0.71,0.21,Paraguay
2022,0.82,0.69,0.18,Paraguay
2021,0.79,0.7,0.21,Paraguay
2020,0.84,0.79,0.16,Paraguay
2019,0.88,0.86,0.12,Paraguay
2018,0.91,0.88,0.09,Paraguay
2017,0.95,0.91,0.05,Paraguay
2016,0.94,0.92,0.06,Paraguay
2015,0.96,0.92,0.04,Paraguay
2023,0.92,0.84,0.08,Peru
2022,0.93,0.82,0.07,Peru
2021,0.9,0.82,0.1,Peru
2020,0.93,0.72,0.07,Peru
2019,0.97,0.88,0.03,Peru
2018,0.97,0.89,0.03,Peru
2017,0.96,0.89,0.04,Peru
2016,0.96,0.9,0.04,Peru
2015,0.97,0.9,0.03,Peru
2023,0.91,0.89,0.09,Philippines
2022,0.87,0.84,0.13,Philippines
2021,0.7,0.69,0.3,Philippines
2020,0.87,0.83,0.13,Philippines
2019,0.87,0.84,0.13,Philippines
2018,0.87,0.84,0.13,Philippines
2017,0.87,0.84,0.13,Philippines
2016,0.87,0.84,0.13,Philippines
2015,0.82,0.74,0.18,Philippines
2023,0.99,0.94,0.01,Poland
2022,0.99,0.94,0.01,Poland
2021,0.99,0.94,0.01,Poland
2020,0.99,0.94,0.01,Poland
2019,0.99,0.95,0.01,Poland
2018,0.99,0.95,0.01,Poland
2017,0.99,0.96,0.01,Poland
2016,0.99,0.98,0.01,Poland
2015,0.99,0.98,0.01,Poland
2023,0.99,0.99,0.01,Portugal
2022,0.99,0.99,0.01,Portugal
2021,0.99,0.99,0.01,Portugal
2020,0.99,0.99,0.01,Portugal
2019,0.99,0.99,0.01,Portugal
2018,0.99,0.99,0.01,Portugal
2017,0.99,0.98,0.01,Portugal
2016,0.99,0.98,0.01,Portugal
2015,0.99,0.98,0.01,Portugal
2023,0.99,0.95,0.01,Qatar
2022,0.99,0.98,0.01,Qatar
2021,0.99,0.98,0.01,Qatar
2020,0.96,0.89,0.04,Qatar
2019,0.99,0.98,0.01,Qatar
2018,0.99,0.98,0.01,Qatar
2017,0.98,0.97,0.02,Qatar
2016,0.99,0.98,0.01,Qatar
2015,0.99,0.99,0.01,Qatar
2023,0.98,0.98,0.02,Republic of Korea
2022,0.98,0.98,0.02,Republic of Korea
2021,0.98,0.98,0.02,Republic of Korea
2020,0.98,0.98,0.02,Republic of Korea
2019,0.98,0.98,0.02,Republic of Korea
2018,0.98,0.98,0.02,Republic of Korea
2017,0.98,0.97,0.02,Republic of Korea
2016,0.98,0.98,0.02,Republic of Korea
2015,0.98,0.98,0.02,Republic of Korea
2023,0.87,0.87,0.13,Republic of Moldova
2022,0.89,0.88,0.11,Republic of Moldova
2021,0.87,0.87,0.13,Republic of Moldova
2020,0.86,0.86,0.14,Republic of Moldova
2019,0.91,0.91,0.09,Republic of Moldova
2018,0.96,0.93,0.04,Republic of Moldova
2017,0.91,0.88,0.09,Republic of Moldova
2016,0.94,0.89,0.06,Republic of Moldova
2015,0.88,0.87,0.12,Republic of Moldova
2023,0.82,0.78,0.18,Romania
2022,0.89,0.85,0.11,Romania
2021,0.97,0.86,0.03,Romania
2020,0.95,0.87,0.05,Romania
2019,0.96,0.88,0.04,Romania
2018,0.94,0.86,0.06,Romania
2017,0.94,0.82,0.06,Romania
2016,0.94,0.89,0.06,Romania
2015,0.95,0.89,0.05,Romania
2023,0.97,0.97,0.03,Russian Federation
2022,0.97,0.97,0.03,Russian Federation
2021,0.97,0.97,0.03,Russian Federation
2020,0.97,0.97,0.03,Russian Federation
2019,0.97,0.97,0.03,Russian Federation
2018,0.97,0.97,0.03,Russian Federation
2017,0.97,0.97,0.03,Russian Federation
2016,0.97,0.97,0.03,Russian Federation
2015,0.97,0.97,0.03,Russian Federation
2023,0.99,0.94,0.01,Rwanda
2022,0.98,0.98,0.02,Rwanda
2021,0.96,0.88,0.04,Rwanda
2020,0.95,0.91,0.05,Rwanda
2019,0.99,0.98,0.01,Rwanda
2018,0.98,0.97,0.02,Rwanda
2017,0.99,0.98,0.01,Rwanda
2016,0.99,0.98,0.01,Rwanda
2015,0.99,0.98,0.01,Rwanda
2023,0.98,0.96,0.02,Saint Kitts and Nevis
2022,0.96,0.96,0.04,Saint Kitts and Nevis
2021,0.97,0.96,0.03,Saint Kitts and Nevis
2020,0.99,0.99,0.01,Saint Kitts and Nevis
2019,0.98,0.97,0.02,Saint Kitts and Nevis
2018,0.99,0.98,0.01,Saint Kitts and Nevis
2017,0.99,0.98,0.01,Saint Kitts and Nevis
2016,0.99,0.98,0.01,Saint Kitts and Nevis
2015,0.98,0.94,0.02,Saint Kitts and Nevis
2023,0.96,0.74,0.04,Saint Lucia
2022,0.92,0.81,0.08,Saint Lucia
2021,0.89,0.8,0.11,Saint Lucia
2020,0.9,0.86,0.1,Saint Lucia
2019,0.99,0.92,0.01,Saint Lucia
2018,0.99,0.95,0.01,Saint Lucia
2017,0.89,0.8,0.11,Saint Lucia
2016,0.95,0.95,0.05,Saint Lucia
2015,0.99,0.99,0.01,Saint Lucia
2023,0.98,0.94,0.02,Saint Vincent and the Grenadines
2022,0.99,0.99,0.01,Saint Vincent and the Grenadines
2021,0.97,0.92,0.03,Saint Vincent and the Grenadines
2020,0.99,0.97,0.01,Saint Vincent and the Grenadines
2019,0.99,0.97,0.01,Saint Vincent and the Grenadines
2018,0.97,0.97,0.03,Saint Vincent and the Grenadines
2017,0.99,0.99,0.01,Saint Vincent and the Grenadines
2016,0.99,0.99,0.01,Saint Vincent and the Grenadines
2015,0.99,0.99,0.01,Saint Vincent and the Grenadines
2023,0.99,0.83,0.01,Samoa
2022,0.97,0.76,0.03,Samoa
2021,0.96,0.85,0.04,Samoa
2020,0.99,0.89,0.01,Samoa
2019,0.97,0.68,0.03,Samoa
2018,0.67,0.44,0.33,Samoa
2017,0.78,0.67,0.22,Samoa
2016,0.9,0.74,0.1,Samoa
2015,0.85,0.8,0.15,Samoa
2023,0.93,0.91,0.07,San Marino
2022,0.93,0.92,0.07,San Marino
2021,0.91,0.9,0.09,San Marino
2020,0.92,0.89,0.08,San Marino
2019,0.9,0.88,0.1,San Marino
2018,0.94,0.9,0.06,San Marino
2017,0.88,0.88,0.12,San Marino
2016,0.93,0.86,0.07,San Marino
2015,0.87,0.85,0.13,San Marino
2023,0.86,0.86,0.14,Sao Tome and Principe
2022,0.92,0.92,0.08,Sao Tome and Principe
2021,0.97,0.97,0.03,Sao Tome and Principe
2020,0.97,0.96,0.03,Sao Tome and Principe
2019,0.97,0.95,0.03,Sao Tome and Principe
2018,0.97,0.95,0.03,Sao Tome and Principe
2017,0.96,0.95,0.04,Sao Tome and Principe
2016,0.97,0.96,0.03,Sao Tome and Principe
2015,0.98,0.96,0.02,Sao Tome and Principe
2023,0.97,0.97,0.03,Saudi Arabia
2022,0.98,0.98,0.02,Saudi Arabia
2021,0.97,0.97,0.03,Saudi Arabia
2020,0.96,0.95,0.04,Saudi Arabia
2019,0.96,0.96,0.04,Saudi Arabia
2018,0.96,0.96,0.04,Saudi Arabia
2017,0.99,0.98,0.01,Saudi Arabia
2016,0.98,0.98,0.02,Saudi Arabia
2015,0.98,0.98,0.02,Saudi Arabia
2023,0.91,0.83,0.09,Senegal
2022,0.97,0.93,0.03,Senegal
2021,0.92,0.9,0.08,Senegal
2020,0.99,0.95,0.01,Senegal
2019,0.98,0.96,0.02,Senegal
2018,0.96,0.92,0.04,Senegal
2017,0.97,0.93,0.03,Senegal
2016,0.96,0.93,0.04,Senegal
2015,0.94,0.89,0.06,Senegal
2023,0.97,0.93,0.03,Serbia
2022,0.97,0.92,0.03,Serbia
2021,0.96,0.91,0.04,Serbia
2020,0.97,0.92,0.03,Serbia
2019,0.99,0.97,0.01,Serbia
2018,0.98,0.96,0.02,Serbia
2017,0.98,0.95,0.02,Serbia
2016,0.97,0.92,0.03,Serbia
2015,0.98,0.95,0.02,Serbia
2023,0.98,0.97,0.02,Seychelles
2022,0.99,0.97,0.01,Seychelles
2021,0.99,0.94,0.01,Seychelles
2020,0.99,0.97,0.01,Seychelles
2019,0.99,0.99,0.01,Seychelles
2018,0.99,0.99,0.01,Seychelles
2017,0.98,0.97,0.02,Seychelles
2016,0.98,0.96,0.02,Seychelles
2015,0.99,0.97,0.01,Seychelles
2023,0.92,0.91,0.08,Sierra Leone
2022,0.92,0.91,0.08,Sierra Leone
2021,0.94,0.92,0.06,Sierra Leone
2020,0.93,0.91,0.07,Sierra Leone
2019,0.95,0.95,0.05,Sierra Leone
2018,0.97,0.93,0.03,Sierra Leone
2017,0.98,0.9,0.02,Sierra Leone
2016,0.97,0.84,0.03,Sierra Leone
2015,0.95,0.86,0.05,Sierra Leone
2023,0.98,0.98,0.02,Singapore
2022,0.99,0.97,0.01,Singapore
2021,0.99,0.98,0.01,Singapore
2020,0.99,0.98,0.01,Singapore
2019,0.99,0.97,0.01,Singapore
2018,0.98,0.97,0.02,Singapore
2017,0.98,0.96,0.02,Singapore
2016,0.98,0.97,0.02,Singapore
2015,0.98,0.96,0.02,Singapore
2023,0.96,0.96,0.04,Slovakia
2022,0.97,0.97,0.03,Slovakia
2021,0.97,0.97,0.03,Slovakia
2020,0.98,0.97,0.02,Slovakia
2019,0.99,0.97,0.01,Slovakia
2018,0.99,0.96,0.01,Slovakia
2017,0.99,0.96,0.01,Slovakia
2016,0.99,0.96,0.01,Slovakia
2015,0.99,0.96,0.01,Slovakia
2023,0.92,0.89,0.08,Slovenia
2022,0.92,0.89,0.08,Slovenia
2021,0.92,0.86,0.08,Slovenia
2020,0.98,0.95,0.02,Slovenia
2019,0.98,0.95,0.02,Slovenia
2018,0.97,0.93,0.03,Slovenia
2017,0.98,0.94,0.02,Slovenia
2016,0.98,0.94,0.02,Slovenia
2015,0.98,0.95,0.02,Slovenia
2023,0.92,0.84,0.08,Solomon Islands
2022,0.99,0.89,0.01,Solomon Islands
2021,0.95,0.87,0.05,Solomon Islands
2020,0.98,0.94,0.02,Solomon Islands
2019,0.99,0.94,0.01,Solomon Islands
2018,0.86,0.85,0.14,Solomon Islands
2017,0.87,0.83,0.13,Solomon Islands
2016,0.99,0.94,0.01,Solomon Islands
2015,0.93,0.87,0.07,Solomon Islands
2023,0.52,0.42,0.48,Somalia
2022,0.52,0.42,0.48,Somalia
2021,0.52,0.42,0.48,Somalia
2020,0.52,0.42,0.48,Somalia
2019,0.52,0.42,0.48,Somalia
2018,0.52,0.42,0.48,Somalia
2017,0.52,0.42,0.48,Somalia
2016,0.52,0.42,0.48,Somalia
2015,0.52,0.42,0.48,Somalia
2023,0.81,0.79,0.19,South Africa
2022,0.87,0.85,0.13,South Africa
2021,0.91,0.86,0.09,South Africa
2020,0.88,0.84,0.12,South Africa
2019,0.87,0.85,0.13,South Africa
2018,0.84,0.82,0.16,South Africa
2017,0.85,0.84,0.15,South Africa
2016,0.88,0.85,0.12,South Africa
2015,0.91,0.85,0.09,South Africa
2023,0.76,0.73,0.24,South Sudan
2022,0.76,0.73,0.24,South Sudan
2021,0.73,0.69,0.27,South Sudan
2020,0.71,0.67,0.29,South Sudan
2019,0.68,0.61,0.32,South Sudan
2018,0.67,0.59,0.33,South Sudan
2017,0.59,0.52,0.41,South Sudan
2016,0.51,0.45,0.49,South Sudan
2015,0.55,0.46,0.45,South Sudan
2023,0.97,0.93,0.03,Spain
2022,0.98,0.93,0.02,Spain
2021,0.96,0.92,0.04,Spain
2020,0.98,0.94,0.02,Spain
2019,0.98,0.95,0.02,Spain
2018,0.98,0.96,0.02,Spain
2017,0.98,0.95,0.02,Spain
2016,0.98,0.97,0.02,Spain
2015,0.98,0.97,0.02,Spain
2023,0.99,0.99,0.01,Sri Lanka
2022,0.98,0.98,0.02,Sri Lanka
2021,0.96,0.96,0.04,Sri Lanka
2020,0.96,0.96,0.04,Sri Lanka
2019,0.99,0.99,0.01,Sri Lanka
2018,0.99,0.99,0.01,Sri Lanka
2017,0.99,0.99,0.01,Sri Lanka
2016,0.99,0.99,0.01,Sri Lanka
2015,0.99,0.99,0.01,Sri Lanka
2023,0.88,0.88,0.12,State of Palestine
2022,0.99,0.98,0.01,State of Palestine
2021,0.99,0.95,0.01,State of Palestine
2020,0.99,0.98,0.01,State of Palestine
2019,0.99,0.99,0.01,State of Palestine
2018,0.99,0.99,0.01,State of Palestine
2017,0.99,0.99,0.01,State of Palestine
2016,0.99,0.99,0.01,State of Palestine
2015,0.99,0.99,0.01,State of Palestine
2023,0.57,0.51,0.43,Sudan
2022,0.75,0.68,0.25,Sudan
2021,0.93,0.84,0.07,Sudan
2020,0.98,0.9,0.02,Sudan
2019,0.99,0.93,0.01,Sudan
2018,0.99,0.93,0.01,Sudan
2017,0.99,0.95,0.01,Sudan
2016,0.99,0.93,0.01,Sudan
2015,0.98,0.93,0.02,Sudan
2023,0.82,0.72,0.18,Suriname
2022,0.83,0.77,0.17,Suriname
2021,0.81,0.72,0.19,Suriname
2020,0.6,0.51,0.4,Suriname
2019,0.81,0.77,0.19,Suriname
2018,0.83,0.81,0.17,Suriname
2017,0.78,0.67,0.22,Suriname
2016,0.8,0.77,0.2,Suriname
2015,0.74,0.73,0.26,Suriname
2023,0.96,0.94,0.04,Sweden
2022,0.96,0.94,0.04,Sweden
2021,0.98,0.98,0.02,Sweden
2020,0.98,0.97,0.02,Sweden
2019,0.98,0.98,0.02,Sweden
2018,0.99,0.97,0.01,Sweden
2017,0.99,0.97,0.01,Sweden
2016,0.99,0.98,0.01,Sweden
2015,0.99,0.98,0.01,Sweden
2023,0.97,0.95,0.03,Switzerland
2022,0.97,0.96,0.03,Switzerland
2021,0.97,0.96,0.03,Switzerland
2020,0.98,0.96,0.02,Switzerland
2019,0.98,0.96,0.02,Switzerland
2018,0.98,0.96,0.02,Switzerland
2017,0.98,0.96,0.02,Switzerland
2016,0.98,0.96,0.02,Switzerland
2015,0.97,0.96,0.03,Switzerland
2023,0.72,0.66,0.28,Syrian Arab Republic
2022,0.69,0.59,0.31,Syrian Arab Republic
2021,0.7,0.61,0.3,Syrian Arab Republic
2020,0.7,0.62,0.3,Syrian Arab Republic
2019,0.77,0.67,0.23,Syrian Arab Republic
2018,0.72,0.6,0.28,Syrian Arab Republic
2017,0.68,0.61,0.32,Syrian Arab Republic
2016,0.66,0.55,0.34,Syrian Arab Republic
2015,0.67,0.54,0.33,Syrian Arab Republic
2023,0.98,0.96,0.02,Tajikistan
2022,0.98,0.97,0.02,Tajikistan
2021,0.97,0.97,0.03,Tajikistan
2020,0.98,0.97,0.02,Tajikistan
2019,0.98,0.97,0.02,Tajikistan
2018,0.98,0.96,0.02,Tajikistan
2017,0.98,0.96,0.02,Tajikistan
2016,0.98,0.96,0.02,Tajikistan
2015,0.97,0.96,0.03,Tajikistan
2023,0.96,0.92,0.04,Thailand
2022,0.96,0.92,0.04,Thailand
2021,0.96,0.92,0.04,Thailand
2020,0.99,0.97,0.01,Thailand
2019,0.99,0.97,0.01,Thailand
2018,0.99,0.97,0.01,Thailand
2017,0.99,0.99,0.01,Thailand
2016,0.99,0.99,0.01,Thailand
2015,0.99,0.99,0.01,Thailand
2023,0.89,0.83,0.11,Timor-Leste
2022,0.89,0.83,0.11,Timor-Leste
2021,0.89,0.83,0.11,Timor-Leste
2020,0.9,0.83,0.1,Timor-Leste
2019,0.91,0.83,0.09,Timor-Leste
2018,0.92,0.83,0.08,Timor-Leste
2017,0.92,0.83,0.08,Timor-Leste
2016,0.86,0.79,0.14,Timor-Leste
2015,0.8,0.76,0.2,Timor-Leste
2023,0.92,0.85,0.08,Togo
2022,0.88,0.82,0.12,Togo
2021,0.88,0.83,0.12,Togo
2020,0.87,0.82,0.13,Togo
2019,0.9,0.84,0.1,Togo
2018,0.88,0.81,0.12,Togo
2017,0.88,0.83,0.12,Togo
2016,0.89,0.82,0.11,Togo
2015,0.88,0.82,0.12,Togo
2023,0.99,0.99,0.01,Tonga
2022,0.99,0.99,0.01,Tonga
2021,0.99,0.99,0.01,Tonga
2020,0.99,0.99,0.01,Tonga
2019,0.99,0.99,0.01,Tonga
2018,0.99,0.99,0.01,Tonga
2017,0.99,0.99,0.01,Tonga
2016,0.97,0.96,0.03,Tonga
2015,0.99,0.96,0.01,Tonga
2023,0.99,0.96,0.01,Trinidad and Tobago
2022,0.97,0.93,0.03,Trinidad and Tobago
2021,0.95,0.94,0.05,Trinidad and Tobago
2020,0.98,0.96,0.02,Trinidad and Tobago
2019,0.97,0.93,0.03,Trinidad and Tobago
2018,0.99,0.99,0.01,Trinidad and Tobago
2017,0.96,0.89,0.04,Trinidad and Tobago
2016,0.97,0.97,0.03,Trinidad and Tobago
2015,0.98,0.96,0.02,Trinidad and Tobago
2023,0.99,0.97,0.01,Tunisia
2022,0.99,0.97,0.01,Tunisia
2021,0.99,0.97,0.01,Tunisia
2020,0.99,0.97,0.01,Tunisia
2019,0.98,0.98,0.02,Tunisia
2018,0.98,0.97,0.02,Tunisia
2017,0.99,0.98,0.01,Tunisia
2016,0.99,0.98,0.01,Tunisia
2015,0.98,0.98,0.02,Tunisia
2023,0.99,0.99,0.01,Turkiye
2022,0.99,0.99,0.01,Turkiye
2021,0.95,0.95,0.05,Turkiye
2020,0.99,0.98,0.01,Turkiye
2019,0.99,0.99,0.01,Turkiye
2018,0.99,0.98,0.01,Turkiye
2017,0.98,0.96,0.02,Turkiye
2016,0.99,0.98,0.01,Turkiye
2015,0.98,0.97,0.02,Turkiye
2023,0.99,0.98,0.01,Turkmenistan
2022,0.99,0.98,0.01,Turkmenistan
2021,0.99,0.97,0.01,Turkmenistan
2020,0.99,0.98,0.01,Turkmenistan
2019,0.99,0.99,0.01,Turkmenistan
2018,0.99,0.99,0.01,Turkmenistan
2017,0.99,0.99,0.01,Turkmenistan
2016,0.99,0.98,0.01,Turkmenistan
2015,0.99,0.99,0.01,Turkmenistan
2023,0.99,0.94,0.01,Tuvalu
2022,0.99,0.91,0.01,Tuvalu
2021,0.99,0.94,0.01,Tuvalu
2020,0.99,0.95,0.01,Tuvalu
2019,0.99,0.92,0.01,Tuvalu
2018,0.99,0.89,0.01,Tuvalu
2017,0.99,0.96,0.01,Tuvalu
2016,0.99,0.94,0.01,Tuvalu
2015,0.99,0.96,0.01,Tuvalu
2023,0.95,0.91,0.05,Uganda
2022,0.94,0.89,0.06,Uganda
2021,0.97,0.91,0.03,Uganda
2020,0.94,0.89,0.06,Uganda
2019,0.96,0.93,0.04,Uganda
2018,0.97,0.93,0.03,Uganda
2017,0.99,0.94,0.01,Uganda
2016,0.99,0.93,0.01,Uganda
2015,0.97,0.89,0.03,Uganda
2023,0.93,0.83,0.07,Ukraine
2022,0.78,0.73,0.22,Ukraine
2021,0.91,0.78,0.09,Ukraine
2020,0.93,0.81,0.07,Ukraine
2019,0.89,0.8,0.11,Ukraine
2018,0.85,0.69,0.15,Ukraine
2017,0.65,0.5,0.35,Ukraine
2016,0.42,0.19,0.58,Ukraine
2015,0.59,0.23,0.41,Ukraine
2023,0.98,0.96,0.02,United Arab Emirates
2022,0.98,0.96,0.02,United Arab Emirates
2021,0.96,0.96,0.04,United Arab Emirates
2020,0.9,0.9,0.1,United Arab Emirates
2019,0.99,0.99,0.01,United Arab Emirates
2018,0.99,0.99,0.01,United Arab Emirates
2017,0.97,0.97,0.03,United Arab Emirates
2016,0.99,0.99,0.01,United Arab Emirates
2015,0.99,0.99,0.01,United Arab Emirates
2023,0.97,0.92,0.03,United Kingdom
2022,0.97,0.92,0.03,United Kingdom
2021,0.97,0.93,0.03,United Kingdom
2020,0.97,0.93,0.03,United Kingdom
2019,0.97,0.93,0.03,United Kingdom
2018,0.98,0.94,0.02,United Kingdom
2017,0.98,0.94,0.02,United Kingdom
2016,0.98,0.94,0.02,United Kingdom
2015,0.98,0.95,0.02,United Kingdom
2023,0.98,0.93,0.02,United Republic of Tanzania
2022,0.98,0.93,0.02,United Republic of Tanzania
2021,0.9,0.86,0.1,United Republic of Tanzania
2020,0.95,0.91,0.05,United Republic of Tanzania
2019,0.95,0.91,0.05,United Republic of Tanzania
2018,0.91,0.89,0.09,United Republic of Tanzania
2017,0.93,0.9,0.07,United Republic of Tanzania
2016,0.95,0.92,0.05,United Republic of Tanzania
2015,0.97,0.96,0.03,United Republic of Tanzania
2023,0.98,0.94,0.02,United States
2022,0.98,0.94,0.02,United States
2021,0.97,0.94,0.03,United States
2020,0.97,0.93,0.03,United States
2019,0.97,0.94,0.03,United States
2018,0.97,0.94,0.03,United States
2017,0.97,0.94,0.03,United States
2016,0.98,0.95,0.02,United States
2015,0.98,0.95,0.02,United States
2023,0.98,0.95,0.02,Uruguay
2022,0.99,0.94,0.01,Uruguay
2021,0.98,0.91,0.02,Uruguay
2020,0.98,0.92,0.02,Uruguay
2019,0.99,0.94,0.01,Uruguay
2018,0.96,0.91,0.04,Uruguay
2017,0.97,0.93,0.03,Uruguay
2016,0.97,0.95,0.03,Uruguay
2015,0.99,0.95,0.01,Uruguay
2023,0.99,0.99,0.01,Uzbekistan
2022,0.99,0.99,0.01,Uzbekistan
2021,0.99,0.98,0.01,Uzbekistan
2020,0.96,0.95,0.04,Uzbekistan
2019,0.96,0.96,0.04,Uzbekistan
2018,0.99,0.98,0.01,Uzbekistan
2017,0.99,0.99,0.01,Uzbekistan
2016,0.99,0.99,0.01,Uzbekistan
2015,0.99,0.99,0.01,Uzbekistan
2023,0.9,0.72,0.1,Vanuatu
2022,0.83,0.68,0.17,Vanuatu
2021,0.71,0.62,0.29,Vanuatu
2020,0.84,0.78,0.16,Vanuatu
2019,0.96,0.9,0.04,Vanuatu
2018,0.94,0.85,0.06,Vanuatu
2017,0.92,0.85,0.08,Vanuatu
2016,0.94,0.81,0.06,Vanuatu
2015,0.9,0.8,0.1,Vanuatu
2023,0.65,0.54,0.35,Venezuela (Bolivarian Republic of)
2022,0.56,0.43,0.44,Venezuela (Bolivarian Republic of)
2021,0.73,0.56,0.27,Venezuela (Bolivarian Republic of)
2020,0.73,0.54,0.27,Venezuela (Bolivarian Republic of)
2019,0.85,0.64,0.15,Venezuela (Bolivarian Republic of)
2018,0.84,0.6,0.16,Venezuela (Bolivarian Republic of)
2017,0.95,0.66,0.05,Venezuela (Bolivarian Republic of)
2016,0.97,0.84,0.03,Venezuela (Bolivarian Republic of)
2015,0.98,0.87,0.02,Venezuela (Bolivarian Republic of)
2023,0.8,0.65,0.2,Viet Nam
2022,0.92,0.91,0.08,Viet Nam
2021,0.87,0.83,0.13,Viet Nam
2020,0.96,0.94,0.04,Viet Nam
2019,0.96,0.89,0.04,Viet Nam
2018,0.78,0.75,0.22,Viet Nam
2017,0.98,0.94,0.02,Viet Nam
2016,0.96,0.96,0.04,Viet Nam
2015,0.98,0.97,0.02,Viet Nam
2023,0.57,0.46,0.43,Yemen
2022,0.7,0.58,0.3,Yemen
2021,0.67,0.56,0.33,Yemen
2020,0.64,0.57,0.36,Yemen
2019,0.65,0.6,0.35,Yemen
2018,0.6,0.54,0.4,Yemen
2017,0.64,0.59,0.36,Yemen
2016,0.67,0.63,0.33,Yemen
2015,0.7,0.63,0.3,Yemen
2023,0.83,0.8,0.17,Zambia
2022,0.86,0.82,0.14,Zambia
2021,0.94,0.91,0.06,Zambia
2020,0.88,0.84,0.12,Zambia
2019,0.94,0.88,0.06,Zambia
2018,0.94,0.9,0.06,Zambia
2017,0.95,0.94,0.05,Zambia
2016,0.96,0.95,0.04,Zambia
2015,0.97,0.9,0.03,Zambia
2023,0.93,0.9,0.07,Zimbabwe
2022,0.93,0.9,0.07,Zimbabwe
2021,0.93,0.88,0.07,Zimbabwe
2020,0.93,0.86,0.07,Zimbabwe
2019,0.94,0.9,0.06,Zimbabwe
2018,0.94,0.89,0.06,Zimbabwe
2017,0.94,0.89,0.06,Zimbabwe
2016,0.94,0.9,0.06,Zimbabwe
2015,0.94,0.87,0.06,Zimbabwe
